Vehicle_ID,Vehicle_Type,Arrival_Time,Parking_Duration,Departure_Time,User_Type,Electric_Vehicle
1,Standard,420,1.0,480.0,Visitor,0
2,Compact,420,8.0,900.0,Staff,1
3,Large,421,6.0,781.0,Visitor,0
4,Standard,425,1.0,485.0,Visitor,0
5,Compact,426,6.0,786.0,Visitor,0
6,Standard,427,5.0,727.0,Visitor,0
7,Standard,428,1.0,488.0,Visitor,0
8,Standard,430,5.0,730.0,Visitor,1
9,Standard,432,5.0,732.0,Visitor,0
10,Standard,433,1.0,493.0,Visitor,0
11,Standard,435,5.0,735.0,Visitor,0
12,Large,435,1.0,495.0,Visitor,0
13,Compact,437,5.0,737.0,Visitor,0
14,Compact,439,1.0,499.0,Visitor,0
15,Standard,440,5.0,740.0,Visitor,0
16,Large,443,5.0,743.0,Visitor,0
17,Standard,444,1.0,504.0,Visitor,0
18,Standard,445,4.0,685.0,Visitor,1
19,Standard,447,1.0,507.0,Visitor,0
20,Compact,448,4.0,688.0,Visitor,0
21,Compact,451,1.0,511.0,Visitor,0
22,Large,451,4.0,691.0,Visitor,0
23,Standard,452,4.0,692.0,Visitor,0
24,Standard,453,4.0,693.0,Visitor,0
25,Standard,456,0.5,486.0,Visitor,0
26,Standard,458,4.0,698.0,Visitor,0
27,Standard,458,0.5,488.0,Visitor,0
28,Standard,460,0.5,490.0,Visitor,0
29,Standard,462,4.0,702.0,Visitor,0
30,Compact,463,0.5,493.0,Visitor,0
31,Standard,466,4.0,706.0,Visitor,0
32,Standard,468,0.5,498.0,Visitor,1
33,Standard,468,4.0,708.0,Visitor,0
34,Large,471,4.0,711.0,Visitor,1
35,Standard,472,0.5,502.0,Visitor,0
36,Large,474,4.0,714.0,Visitor,0
37,Large,476,4.0,716.0,Visitor,0
38,Standard,477,4.0,717.0,Visitor,1
39,Standard,481,4.0,721.0,Visitor,0
40,Large,482,4.0,722.0,Visitor,0
41,Standard,483,4.0,723.0,Visitor,0
42,Large,488,4.0,728.0,Visitor,0
43,Standard,491,3.0,671.0,Visitor,0
44,Standard,494,3.0,674.0,Visitor,1
45,Large,496,3.0,676.0,Visitor,0
46,Standard,499,3.0,679.0,Visitor,0
47,Standard,502,3.0,682.0,Visitor,0
48,Compact,504,3.0,684.0,Visitor,1
49,Standard,507,3.0,687.0,Visitor,0
50,Compact,508,3.0,688.0,Visitor,0
51,Standard,511,3.0,691.0,Visitor,0
52,Large,514,3.0,694.0,Visitor,0
53,Standard,515,3.0,695.0,Visitor,1
54,Compact,517,3.0,697.0,Visitor,0
55,Compact,521,3.0,701.0,Visitor,1
56,Compact,524,3.0,704.0,Visitor,0
57,Standard,528,3.0,708.0,Visitor,0
58,Standard,533,3.0,713.0,Staff,0
59,Large,538,3.0,718.0,Visitor,0
60,Compact,542,3.0,722.0,Visitor,0
61,Standard,546,3.0,726.0,Visitor,0
62,Standard,550,3.0,730.0,Visitor,0
63,Standard,551,3.0,731.0,Visitor,0
64,Standard,556,3.0,736.0,Visitor,0
65,Compact,560,3.0,740.0,Visitor,1
66,Compact,563,3.0,743.0,Visitor,0
67,Standard,565,2.0,685.0,Visitor,0
68,Standard,569,2.0,689.0,Visitor,0
69,Standard,573,2.0,693.0,Visitor,0
70,Compact,575,2.0,695.0,Visitor,0
71,Standard,577,2.0,697.0,Visitor,0
72,Standard,578,2.0,698.0,Visitor,0
73,Standard,581,2.0,701.0,Visitor,1
74,Standard,584,2.0,704.0,Visitor,1
75,Standard,586,2.0,706.0,Visitor,0
76,Compact,591,2.0,711.0,Visitor,0
77,Standard,594,2.0,714.0,Visitor,0
78,Standard,595,2.0,715.0,Visitor,0
79,Compact,597,2.0,717.0,Visitor,0
80,Standard,602,2.0,722.0,Visitor,0
81,Standard,605,2.0,725.0,Staff,0
82,Standard,610,2.0,730.0,Visitor,0
83,Large,612,2.0,732.0,Visitor,0
84,Standard,617,2.0,737.0,Visitor,0
85,Standard,622,2.0,742.0,Visitor,1
86,Large,625,2.0,745.0,Visitor,0
87,Large,627,2.0,747.0,Visitor,0
88,Compact,628,2.0,748.0,Visitor,0
89,Standard,629,2.0,749.0,Visitor,0
90,Standard,630,2.0,750.0,Visitor,0
91,Standard,633,2.0,753.0,Visitor,0
92,Standard,637,2.0,757.0,Visitor,0
93,Large,641,2.0,761.0,Visitor,0
94,Large,642,1.0,702.0,Visitor,0
95,Compact,647,1.0,707.0,Visitor,0
96,Standard,650,1.0,710.0,Visitor,1
97,Compact,655,1.0,715.0,Visitor,0
98,Standard,657,1.0,717.0,Visitor,0
99,Compact,658,1.0,718.0,Visitor,0
100,Large,660,3.0,840.0,Visitor,1
101,Standard,660,10.0,1260.0,Staff,0
102,Standard,660,4.0,900.0,Visitor,0
103,Standard,660,2.0,780.0,Visitor,0
104,Compact,660,2.0,780.0,Visitor,0
105,Standard,660,1.0,720.0,Visitor,1
106,Large,661,3.0,841.0,Visitor,0
107,Standard,661,2.0,781.0,Visitor,0
108,Large,664,4.0,904.0,Visitor,0
109,Standard,664,2.0,784.0,Visitor,0
110,Standard,665,10.0,1265.0,Staff,0
111,Standard,666,2.0,786.0,Visitor,0
112,Standard,666,3.0,846.0,Staff,0
113,Standard,666,2.0,786.0,Visitor,0
114,Standard,668,2.0,788.0,Visitor,0
115,Standard,668,4.0,908.0,Visitor,1
116,Standard,668,2.0,788.0,Visitor,0
117,Standard,669,1.0,729.0,Visitor,0
118,Standard,670,7.0,1090.0,Staff,0
119,Standard,670,1.0,730.0,Visitor,0
120,Standard,671,3.0,851.0,Visitor,1
121,Standard,672,1.0,732.0,Visitor,1
122,Standard,672,3.0,852.0,Visitor,0
123,Standard,673,2.0,793.0,Visitor,1
124,Standard,673,3.0,853.0,Visitor,0
125,Large,673,4.0,913.0,Visitor,0
126,Compact,674,7.0,1094.0,Staff,0
127,Large,674,3.0,854.0,Visitor,0
128,Large,675,2.0,795.0,Visitor,0
129,Standard,675,1.0,735.0,Visitor,0
130,Standard,676,3.0,856.0,Visitor,0
131,Standard,677,1.0,737.0,Visitor,0
132,Compact,678,4.0,918.0,Visitor,1
133,Large,678,7.0,1098.0,Staff,0
134,Standard,678,2.0,798.0,Visitor,0
135,Standard,680,4.0,920.0,Staff,0
136,Compact,681,1.0,741.0,Visitor,0
137,Compact,681,3.0,861.0,Visitor,0
138,Compact,682,4.0,922.0,Visitor,0
139,Standard,682,7.0,1102.0,Staff,0
140,Standard,683,7.0,1103.0,Staff,0
141,Standard,683,1.0,743.0,Visitor,0
142,Standard,683,2.0,803.0,Visitor,0
143,Standard,683,3.0,863.0,Visitor,0
144,Standard,683,4.0,923.0,Visitor,0
145,Standard,684,2.0,804.0,Visitor,0
146,Compact,685,1.0,745.0,Visitor,0
147,Standard,686,4.0,926.0,Staff,1
148,Standard,687,7.0,1107.0,Staff,0
149,Compact,687,1.0,747.0,Visitor,1
150,Standard,688,1.0,748.0,Visitor,0
151,Large,688,2.0,808.0,Visitor,0
152,Standard,688,3.0,868.0,Visitor,1
153,Standard,689,4.0,929.0,Visitor,0
154,Standard,690,3.0,870.0,Visitor,0
155,Compact,690,1.0,750.0,Visitor,0
156,Standard,691,2.0,811.0,Visitor,0
157,Standard,691,1.0,751.0,Visitor,1
158,Standard,691,7.0,1111.0,Staff,1
159,Compact,692,4.0,932.0,Visitor,0
160,Standard,693,1.0,753.0,Visitor,0
161,Large,693,2.0,813.0,Visitor,0
162,Compact,694,4.0,934.0,Visitor,0
163,Standard,695,7.0,1115.0,Staff,0
164,Standard,695,3.0,875.0,Visitor,0
165,Standard,698,2.0,818.0,Visitor,0
166,Standard,698,1.0,758.0,Visitor,0
167,Standard,698,4.0,938.0,Visitor,0
168,Standard,699,2.0,819.0,Visitor,0
169,Standard,699,3.0,879.0,Visitor,0
170,Standard,700,7.0,1120.0,Staff,0
171,Standard,700,3.0,880.0,Visitor,1
172,Standard,701,3.0,881.0,Visitor,1
173,Standard,701,1.0,761.0,Visitor,0
174,Standard,701,2.0,821.0,Visitor,0
175,Standard,702,4.0,942.0,Staff,0
176,Large,704,3.0,884.0,Visitor,1
177,Large,705,2.0,825.0,Visitor,0
178,Compact,705,4.0,945.0,Visitor,0
179,Large,705,1.0,765.0,Visitor,0
180,Standard,705,6.0,1065.0,Visitor,0
181,Compact,706,6.0,1066.0,Visitor,0
182,Standard,706,2.0,826.0,Visitor,0
183,Standard,707,6.0,1067.0,Visitor,0
184,Standard,708,2.0,828.0,Visitor,0
185,Compact,709,3.0,889.0,Visitor,0
186,Standard,710,3.0,890.0,Visitor,0
187,Standard,710,1.0,770.0,Visitor,0
188,Standard,710,4.0,950.0,Visitor,0
189,Compact,712,6.0,1072.0,Visitor,0
190,Standard,712,2.0,832.0,Visitor,0
191,Large,714,1.0,774.0,Visitor,0
192,Compact,714,4.0,954.0,Visitor,0
193,Standard,714,3.0,894.0,Visitor,0
194,Compact,715,2.0,835.0,Visitor,0
195,Large,716,4.0,956.0,Visitor,1
196,Standard,716,6.0,1076.0,Visitor,0
197,Standard,718,3.0,898.0,Visitor,0
198,Large,718,1.0,778.0,Visitor,0
199,Standard,719,1.0,779.0,Visitor,0
200,Standard,720,4.0,960.0,Visitor,0
201,Large,720,2.0,840.0,Visitor,0
202,Compact,721,6.0,1081.0,Visitor,0
203,Compact,721,3.0,901.0,Visitor,0
204,Standard,721,2.0,841.0,Visitor,0
205,Standard,723,1.0,783.0,Visitor,0
206,Standard,723,2.0,843.0,Visitor,1
207,Compact,723,6.0,1083.0,Visitor,0
208,Standard,724,3.0,904.0,Visitor,0
209,Standard,724,1.0,784.0,Visitor,0
210,Standard,725,4.0,965.0,Visitor,0
211,Large,725,1.0,785.0,Visitor,0
212,Standard,726,1.0,786.0,Visitor,0
213,Standard,726,4.0,966.0,Visitor,0
214,Standard,727,2.0,847.0,Staff,1
215,Standard,727,6.0,1087.0,Visitor,0
216,Standard,729,3.0,909.0,Staff,0
217,Standard,730,4.0,970.0,Visitor,0
218,Standard,730,6.0,1090.0,Visitor,0
219,Large,730,1.0,790.0,Visitor,1
220,Standard,731,4.0,971.0,Visitor,0
221,Standard,731,3.0,911.0,Visitor,0
222,Standard,732,2.0,852.0,Visitor,0
223,Standard,732,3.0,912.0,Visitor,1
224,Standard,733,1.0,793.0,Visitor,0
225,Standard,733,6.0,1093.0,Visitor,0
226,Standard,734,1.0,794.0,Visitor,0
227,Standard,736,2.0,856.0,Visitor,1
228,Standard,736,4.0,976.0,Visitor,0
229,Standard,736,3.0,916.0,Visitor,0
230,Standard,737,6.0,1097.0,Staff,0
231,Compact,737,3.0,917.0,Visitor,0
232,Standard,739,3.0,919.0,Visitor,0
233,Large,739,1.0,799.0,Visitor,0
234,Standard,740,2.0,860.0,Visitor,0
235,Compact,741,2.0,861.0,Visitor,0
236,Standard,741,4.0,981.0,Visitor,1
237,Standard,742,1.0,802.0,Visitor,0
238,Standard,742,6.0,1102.0,Visitor,0
239,Standard,743,2.0,863.0,Visitor,0
240,Standard,743,1.0,803.0,Visitor,0
241,Large,744,3.0,924.0,Visitor,0
242,Large,745,2.0,865.0,Visitor,1
243,Standard,745,3.0,925.0,Visitor,0
244,Standard,745,4.0,985.0,Visitor,0
245,Standard,745,6.0,1105.0,Visitor,0
246,Standard,746,3.0,926.0,Visitor,0
247,Standard,746,1.0,806.0,Visitor,0
248,Standard,748,1.0,808.0,Visitor,0
249,Large,748,6.0,1108.0,Visitor,1
250,Standard,748,3.0,928.0,Visitor,0
251,Standard,749,2.0,869.0,Visitor,0
252,Standard,749,1.0,809.0,Visitor,0
253,Standard,750,4.0,990.0,Visitor,0
254,Standard,750,1.0,810.0,Visitor,0
255,Compact,751,6.0,1111.0,Visitor,1
256,Standard,752,2.0,872.0,Visitor,0
257,Standard,752,6.0,1112.0,Visitor,1
258,Standard,753,3.0,933.0,Visitor,0
259,Large,753,4.0,993.0,Visitor,0
260,Standard,753,2.0,873.0,Visitor,0
261,Standard,754,2.0,874.0,Visitor,0
262,Compact,755,6.0,1115.0,Visitor,0
263,Standard,755,1.0,815.0,Visitor,1
264,Standard,756,1.0,816.0,Visitor,0
265,Standard,756,6.0,1116.0,Visitor,0
266,Large,757,4.0,997.0,Visitor,0
267,Standard,757,2.0,877.0,Visitor,0
268,Standard,758,3.0,938.0,Visitor,0
269,Standard,759,1.0,819.0,Visitor,0
270,Standard,759,6.0,1119.0,Visitor,1
271,Standard,760,6.0,1120.0,Visitor,0
272,Large,761,1.0,821.0,Visitor,1
273,Standard,762,4.0,1002.0,Visitor,0
274,Standard,762,2.0,882.0,Visitor,0
275,Large,762,3.0,942.0,Visitor,0
276,Standard,763,6.0,1123.0,Visitor,1
277,Standard,764,3.0,944.0,Visitor,0
278,Large,764,6.0,1124.0,Visitor,0
279,Standard,765,4.0,1005.0,Visitor,0
280,Standard,765,1.0,825.0,Visitor,0
281,Standard,766,2.0,886.0,Visitor,0
282,Compact,767,3.0,947.0,Staff,0
283,Large,768,2.0,888.0,Visitor,0
284,Compact,769,6.0,1129.0,Visitor,0
285,Standard,770,1.0,830.0,Visitor,0
286,Compact,770,4.0,1010.0,Visitor,1
287,Large,772,2.0,892.0,Visitor,0
288,Large,772,3.0,952.0,Visitor,1
289,Large,772,6.0,1132.0,Visitor,0
290,Standard,773,1.0,833.0,Visitor,0
291,Standard,774,1.0,834.0,Visitor,0
292,Standard,775,4.0,1015.0,Visitor,0
293,Compact,776,6.0,1136.0,Visitor,0
294,Standard,776,3.0,956.0,Visitor,0
295,Standard,777,2.0,897.0,Visitor,0
296,Large,777,4.0,1017.0,Visitor,0
297,Standard,778,6.0,1138.0,Visitor,0
298,Standard,778,1.0,838.0,Visitor,0
299,Standard,780,2.0,900.0,Visitor,0
300,Standard,781,4.0,1021.0,Visitor,0
301,Standard,781,1.0,841.0,Visitor,0
302,Standard,781,6.0,1141.0,Visitor,0
303,Standard,781,3.0,961.0,Visitor,0
304,Standard,784,2.0,904.0,Visitor,0
305,Standard,784,4.0,1024.0,Visitor,0
306,Compact,784,6.0,1144.0,Visitor,0
307,Standard,785,6.0,1145.0,Visitor,0
308,Large,785,1.0,845.0,Visitor,0
309,Standard,785,3.0,965.0,Visitor,0
310,Standard,786,1.0,846.0,Visitor,0
311,Compact,787,4.0,1027.0,Visitor,0
312,Standard,788,2.0,908.0,Visitor,0
313,Standard,790,4.0,1030.0,Visitor,0
314,Standard,790,1.0,850.0,Visitor,0
315,Compact,790,3.0,970.0,Visitor,0
316,Standard,790,5.0,1090.0,Visitor,0
317,Standard,792,4.0,1032.0,Visitor,0
318,Standard,792,2.0,912.0,Visitor,0
319,Large,793,3.0,973.0,Visitor,1
320,Compact,793,2.0,913.0,Visitor,1
321,Large,793,5.0,1093.0,Staff,0
322,Standard,794,3.0,974.0,Visitor,0
323,Standard,794,1.0,854.0,Visitor,1
324,Standard,796,5.0,1096.0,Visitor,1
325,Standard,797,2.0,917.0,Visitor,1
326,Standard,797,4.0,1037.0,Visitor,0
327,Compact,798,3.0,978.0,Visitor,0
328,Standard,799,1.0,859.0,Visitor,1
329,Standard,799,4.0,1039.0,Visitor,0
330,Large,799,5.0,1099.0,Visitor,0
331,Standard,800,5.0,1100.0,Visitor,0
332,Standard,801,5.0,1101.0,Visitor,0
333,Compact,801,1.0,861.0,Visitor,1
334,Standard,801,3.0,981.0,Visitor,0
335,Compact,801,2.0,921.0,Visitor,1
336,Standard,803,4.0,1043.0,Visitor,0
337,Large,804,3.0,984.0,Visitor,0
338,Standard,804,1.0,864.0,Visitor,0
339,Standard,804,4.0,1044.0,Staff,0
340,Standard,805,1.0,865.0,Visitor,0
341,Compact,806,2.0,926.0,Visitor,0
342,Standard,806,5.0,1106.0,Visitor,0
343,Compact,806,3.0,986.0,Visitor,0
344,Standard,806,4.0,1046.0,Visitor,0
345,Standard,809,1.0,869.0,Visitor,0
346,Standard,809,2.0,929.0,Visitor,0
347,Standard,810,2.0,930.0,Visitor,0
348,Compact,810,3.0,990.0,Visitor,0
349,Compact,811,5.0,1111.0,Visitor,0
350,Standard,811,4.0,1051.0,Visitor,0
351,Standard,812,2.0,932.0,Visitor,0
352,Standard,812,1.0,872.0,Visitor,1
353,Standard,813,1.0,873.0,Visitor,0
354,Standard,813,3.0,993.0,Visitor,0
355,Standard,813,4.0,1053.0,Visitor,1
356,Standard,814,5.0,1114.0,Visitor,1
357,Standard,814,3.0,994.0,Visitor,1
358,Large,814,4.0,1054.0,Visitor,0
359,Standard,815,3.0,995.0,Visitor,0
360,Compact,815,2.0,935.0,Visitor,0
361,Standard,816,4.0,1056.0,Visitor,0
362,Large,817,5.0,1117.0,Visitor,0
363,Standard,817,2.0,937.0,Visitor,0
364,Compact,817,1.0,877.0,Visitor,0
365,Standard,819,4.0,1059.0,Visitor,1
366,Standard,819,3.0,999.0,Visitor,0
367,Large,820,5.0,1120.0,Visitor,0
368,Large,820,1.0,880.0,Visitor,1
369,Standard,821,4.0,1061.0,Visitor,1
370,Standard,822,2.0,942.0,Visitor,0
371,Compact,823,2.0,943.0,Visitor,0
372,Standard,823,3.0,1003.0,Visitor,0
373,Large,823,1.0,883.0,Visitor,1
374,Large,824,1.0,884.0,Visitor,0
375,Compact,825,5.0,1125.0,Visitor,1
376,Standard,826,4.0,1066.0,Visitor,0
377,Large,827,3.0,1007.0,Visitor,0
378,Standard,827,1.0,887.0,Visitor,1
379,Standard,828,5.0,1128.0,Visitor,0
380,Standard,828,4.0,1068.0,Visitor,0
381,Standard,828,2.0,948.0,Visitor,1
382,Standard,829,2.0,949.0,Visitor,0
383,Large,831,1.0,891.0,Visitor,0
384,Standard,831,5.0,1131.0,Visitor,0
385,Standard,831,3.0,1011.0,Visitor,0
386,Standard,831,2.0,951.0,Visitor,1
387,Standard,832,3.0,1012.0,Visitor,0
388,Compact,832,2.0,952.0,Visitor,0
389,Compact,832,4.0,1072.0,Visitor,0
390,Compact,833,5.0,1133.0,Visitor,0
391,Standard,833,4.0,1073.0,Visitor,0
392,Standard,833,1.0,893.0,Visitor,0
393,Standard,834,4.0,1074.0,Visitor,0
394,Standard,834,2.0,954.0,Visitor,0
395,Standard,835,3.0,1015.0,Visitor,1
396,Large,836,4.0,1076.0,Visitor,1
397,Standard,836,1.0,896.0,Visitor,0
398,Compact,838,3.0,1018.0,Visitor,1
399,Standard,838,1.0,898.0,Visitor,0
400,Standard,838,5.0,1138.0,Visitor,0
401,Standard,839,2.0,959.0,Visitor,0
402,Standard,839,1.0,899.0,Visitor,0
403,Large,840,1.0,900.0,Visitor,1
404,Standard,841,4.0,1081.0,Visitor,0
405,Standard,841,3.0,1021.0,Visitor,0
406,Large,842,5.0,1142.0,Visitor,0
407,Standard,842,1.0,902.0,Staff,0
408,Standard,842,2.0,962.0,Visitor,1
409,Standard,843,4.0,1083.0,Visitor,0
410,Compact,844,1.0,904.0,Visitor,0
411,Standard,844,4.0,1084.0,Visitor,0
412,Standard,845,3.0,1025.0,Visitor,0
413,Standard,846,2.0,966.0,Visitor,0
414,Standard,847,5.0,1147.0,Visitor,0
415,Standard,848,4.0,1088.0,Visitor,0
416,Standard,848,1.0,908.0,Visitor,0
417,Standard,849,3.0,1029.0,Visitor,0
418,Standard,849,1.0,909.0,Visitor,0
419,Standard,849,2.0,969.0,Visitor,0
420,Standard,850,5.0,1150.0,Visitor,0
421,Large,851,4.0,1091.0,Visitor,0
422,Standard,851,5.0,1151.0,Visitor,1
423,Large,852,1.0,912.0,Visitor,0
424,Compact,852,3.0,1032.0,Visitor,0
425,Large,854,2.0,974.0,Visitor,0
426,Compact,855,4.0,1095.0,Visitor,1
427,Standard,855,5.0,1155.0,Visitor,0
428,Standard,856,4.0,1096.0,Visitor,0
429,Standard,857,1.0,917.0,Visitor,1
430,Standard,857,3.0,1037.0,Visitor,0
431,Standard,858,4.0,1098.0,Visitor,0
432,Standard,858,3.0,1038.0,Visitor,0
433,Standard,859,2.0,979.0,Visitor,0
434,Standard,860,5.0,1160.0,Visitor,0
435,Standard,860,4.0,1100.0,Visitor,0
436,Standard,860,1.0,920.0,Visitor,0
437,Standard,860,3.0,1040.0,Visitor,0
438,Standard,862,3.0,1042.0,Visitor,0
439,Large,862,2.0,982.0,Visitor,0
440,Standard,862,1.0,922.0,Visitor,0
441,Compact,863,4.0,1103.0,Visitor,0
442,Standard,863,3.0,1043.0,Visitor,0
443,Compact,864,3.0,1044.0,Visitor,0
444,Standard,864,5.0,1164.0,Staff,1
445,Standard,865,4.0,1105.0,Visitor,0
446,Standard,865,2.0,985.0,Visitor,0
447,Standard,866,4.0,1106.0,Visitor,0
448,Standard,866,2.0,986.0,Visitor,1
449,Standard,867,5.0,1167.0,Visitor,0
450,Standard,867,1.0,927.0,Visitor,0
451,Standard,868,2.0,988.0,Visitor,0
452,Standard,869,4.0,1109.0,Visitor,0
453,Large,869,3.0,1049.0,Visitor,0
454,Compact,870,4.0,1110.0,Visitor,0
455,Compact,870,1.0,930.0,Visitor,0
456,Standard,871,2.0,991.0,Visitor,0
457,Standard,872,1.0,932.0,Visitor,0
458,Standard,872,4.0,1112.0,Staff,0
459,Standard,872,5.0,1172.0,Visitor,0
460,Compact,873,4.0,1113.0,Staff,0
461,Standard,873,3.0,1053.0,Visitor,0
462,Standard,875,5.0,1175.0,Visitor,0
463,Standard,876,1.0,936.0,Visitor,0
464,Standard,876,2.0,996.0,Visitor,0
465,Standard,877,4.0,1117.0,Visitor,0
466,Standard,877,1.0,937.0,Visitor,0
467,Standard,878,3.0,1058.0,Staff,0
468,Standard,878,1.0,938.0,Visitor,0
469,Large,879,2.0,999.0,Visitor,0
470,Compact,880,5.0,1180.0,Staff,0
471,Standard,880,3.0,1060.0,Visitor,0
472,Compact,880,3.0,1060.0,Visitor,1
473,Compact,880,2.0,1000.0,Visitor,0
474,Compact,881,1.0,941.0,Visitor,1
475,Standard,883,2.0,1003.0,Visitor,0
476,Standard,883,1.0,943.0,Visitor,0
477,Standard,884,3.0,1064.0,Visitor,0
478,Standard,884,5.0,1184.0,Visitor,0
479,Standard,885,3.0,1065.0,Visitor,0
480,Standard,885,3.0,1065.0,Visitor,0
481,Standard,885,2.0,1005.0,Visitor,1
482,Standard,886,2.0,1006.0,Visitor,0
483,Standard,887,2.0,1007.0,Visitor,0
484,Compact,887,3.0,1067.0,Visitor,0
485,Large,887,0.5,917.0,Visitor,0
486,Standard,888,5.0,1188.0,Visitor,0
487,Standard,888,2.0,1008.0,Visitor,0
488,Standard,888,3.0,1068.0,Visitor,0
489,Standard,888,0.5,918.0,Visitor,0
490,Compact,890,2.0,1010.0,Visitor,0
491,Standard,891,3.0,1071.0,Visitor,0
492,Standard,891,3.0,1071.0,Visitor,0
493,Standard,891,5.0,1191.0,Visitor,1
494,Large,892,5.0,1192.0,Visitor,0
495,Standard,892,3.0,1072.0,Visitor,0
496,Standard,892,0.5,922.0,Visitor,1
497,Compact,893,5.0,1193.0,Visitor,0
498,Compact,894,2.0,1014.0,Visitor,0
499,Standard,894,0.5,924.0,Visitor,0
500,Large,895,3.0,1075.0,Visitor,1
501,Standard,895,3.0,1075.0,Visitor,0
502,Standard,895,0.5,925.0,Visitor,1
503,Compact,896,3.0,1076.0,Visitor,0
504,Standard,896,3.0,1076.0,Visitor,0
505,Standard,897,5.0,1197.0,Visitor,0
506,Standard,898,3.0,1078.0,Visitor,0
507,Standard,898,0.5,928.0,Visitor,0
508,Standard,898,3.0,1078.0,Visitor,1
509,Standard,898,5.0,1198.0,Visitor,1
510,Standard,899,0.5,929.0,Visitor,1
511,Standard,899,2.0,1019.0,Visitor,1
512,Standard,901,0.5,931.0,Visitor,0
513,Compact,901,2.0,1021.0,Visitor,0
514,Standard,901,5.0,1201.0,Visitor,0
515,Standard,902,3.0,1082.0,Visitor,1
516,Standard,903,3.0,1083.0,Visitor,0
517,Standard,905,2.0,1025.0,Staff,0
518,Standard,905,5.0,1205.0,Visitor,1
519,Standard,906,5.0,1206.0,Visitor,0
520,Standard,906,0.5,936.0,Visitor,0
521,Standard,907,2.0,1027.0,Visitor,0
522,Compact,907,3.0,1087.0,Visitor,0
523,Compact,907,3.0,1087.0,Visitor,0
524,Standard,907,5.0,1207.0,Visitor,1
525,Standard,908,3.0,1088.0,Visitor,1
526,Standard,910,2.0,1030.0,Visitor,0
527,Standard,911,0.5,941.0,Visitor,0
528,Standard,911,2.0,1031.0,Visitor,0
529,Large,911,3.0,1091.0,Visitor,0
530,Standard,912,5.0,1212.0,Visitor,0
531,Large,913,0.5,943.0,Visitor,1
532,Compact,913,3.0,1093.0,Visitor,0
533,Standard,915,2.0,1035.0,Visitor,0
534,Standard,916,3.0,1096.0,Visitor,0
535,Compact,916,5.0,1216.0,Visitor,0
536,Standard,916,3.0,1096.0,Visitor,1
537,Standard,917,0.5,947.0,Visitor,0
538,Standard,918,3.0,1098.0,Visitor,0
539,Standard,919,3.0,1099.0,Visitor,1
540,Large,919,2.0,1039.0,Visitor,0
541,Standard,920,0.5,950.0,Visitor,0
542,Standard,921,2.0,1041.0,Visitor,1
543,Large,921,5.0,1221.0,Staff,0
544,Standard,922,3.0,1102.0,Visitor,0
545,Large,922,2.0,1042.0,Visitor,1
546,Standard,922,0.5,952.0,Visitor,0
547,Standard,923,3.0,1103.0,Visitor,1
548,Standard,923,5.0,1223.0,Visitor,0
549,Large,923,3.0,1103.0,Visitor,0
550,Standard,924,3.0,1104.0,Visitor,0
551,Large,924,0.5,954.0,Visitor,0
552,Standard,925,3.0,1105.0,Visitor,0
553,Standard,926,0.5,956.0,Visitor,0
554,Standard,926,2.0,1046.0,Visitor,0
555,Standard,927,3.0,1107.0,Visitor,0
556,Large,928,0.5,958.0,Visitor,1
557,Large,928,5.0,1228.0,Visitor,0
558,Standard,929,3.0,1109.0,Visitor,0
559,Standard,929,3.0,1109.0,Visitor,0
560,Standard,930,2.0,1050.0,Visitor,1
561,Large,931,5.0,1231.0,Visitor,1
562,Standard,931,3.0,1111.0,Visitor,0
563,Standard,932,3.0,1112.0,Visitor,1
564,Compact,932,3.0,1112.0,Visitor,0
565,Standard,932,0.5,962.0,Visitor,0
566,Standard,933,3.0,1113.0,Visitor,0
567,Standard,933,2.0,1053.0,Visitor,0
568,Large,936,5.0,1236.0,Visitor,1
569,Standard,936,3.0,1116.0,Visitor,0
570,Standard,936,0.5,966.0,Visitor,0
571,Standard,937,3.0,1117.0,Visitor,0
572,Standard,937,3.0,1117.0,Visitor,1
573,Standard,938,3.0,1118.0,Visitor,0
574,Standard,938,2.0,1058.0,Staff,1
575,Standard,939,2.0,1059.0,Visitor,0
576,Compact,940,0.5,970.0,Visitor,0
577,Standard,941,5.0,1241.0,Visitor,0
578,Compact,941,3.0,1121.0,Visitor,0
579,Standard,942,3.0,1122.0,Visitor,0
580,Standard,942,3.0,1122.0,Visitor,1
581,Standard,942,0.5,972.0,Visitor,0
582,Compact,943,0.5,973.0,Visitor,0
583,Large,943,2.0,1063.0,Visitor,1
584,Large,944,0.5,974.0,Visitor,0
585,Large,944,2.0,1064.0,Visitor,0
586,Compact,945,3.0,1125.0,Visitor,0
587,Standard,946,5.0,1246.0,Visitor,0
588,Standard,946,3.0,1126.0,Visitor,1
589,Standard,947,5.0,1247.0,Visitor,0
590,Standard,947,0.5,977.0,Visitor,0
591,Standard,948,0.5,978.0,Visitor,0
592,Standard,949,3.0,1129.0,Visitor,1
593,Large,949,3.0,1129.0,Visitor,1
594,Standard,949,2.0,1069.0,Visitor,0
595,Standard,951,3.0,1131.0,Visitor,0
596,Standard,952,2.0,1072.0,Visitor,1
597,Standard,952,5.0,1252.0,Visitor,0
598,Standard,953,0.5,983.0,Visitor,0
599,Standard,953,3.0,1133.0,Visitor,0
600,Standard,954,2.0,1074.0,Visitor,0
601,Standard,954,3.0,1134.0,Visitor,1
602,Large,955,3.0,1135.0,Visitor,0
603,Large,956,3.0,1136.0,Visitor,0
604,Large,957,0.5,987.0,Visitor,0
605,Standard,957,5.0,1257.0,Visitor,0
606,Compact,958,3.0,1138.0,Visitor,1
607,Compact,958,0.5,988.0,Visitor,0
608,Standard,959,3.0,1139.0,Visitor,0
609,Standard,959,5.0,1259.0,Visitor,0
610,Standard,959,2.0,1079.0,Visitor,0
611,Standard,959,0.5,989.0,Visitor,1
612,Standard,959,2.0,1079.0,Visitor,0
613,Standard,962,5.0,1262.0,Visitor,0
614,Large,962,2.0,1082.0,Visitor,0
615,Standard,962,0.5,992.0,Visitor,0
616,Standard,963,5.0,1263.0,Visitor,1
617,Standard,964,3.0,1144.0,Visitor,0
618,Large,964,2.0,1084.0,Visitor,0
619,Standard,965,0.5,995.0,Visitor,0
620,Standard,965,2.0,1085.0,Visitor,1
621,Standard,965,5.0,1265.0,Visitor,0
622,Compact,966,5.0,1266.0,Visitor,0
623,Standard,966,0.5,996.0,Visitor,1
624,Standard,967,2.0,1087.0,Visitor,0
625,Standard,969,2.0,1089.0,Visitor,0
626,Standard,969,3.0,1149.0,Visitor,0
627,Standard,969,2.0,1089.0,Visitor,0
628,Compact,970,2.0,1090.0,Visitor,0
629,Standard,970,5.0,1270.0,Visitor,1
630,Large,971,2.0,1091.0,Visitor,0
631,Compact,971,5.0,1271.0,Visitor,0
632,Compact,971,3.0,1151.0,Visitor,0
633,Standard,972,4.0,1212.0,Staff,0
634,Compact,972,2.0,1092.0,Visitor,0
635,Compact,973,2.0,1093.0,Visitor,0
636,Standard,973,4.0,1213.0,Visitor,0
637,Large,975,4.0,1215.0,Visitor,0
638,Standard,976,3.0,1156.0,Visitor,0
639,Standard,976,4.0,1216.0,Visitor,0
640,Standard,976,2.0,1096.0,Visitor,0
641,Standard,976,2.0,1096.0,Visitor,1
642,Compact,977,3.0,1157.0,Visitor,0
643,Standard,979,3.0,1159.0,Visitor,0
644,Standard,979,2.0,1099.0,Visitor,1
645,Standard,980,2.0,1100.0,Visitor,0
646,Standard,980,4.0,1220.0,Visitor,0
647,Compact,981,2.0,1101.0,Visitor,0
648,Standard,982,3.0,1162.0,Visitor,0
649,Standard,982,2.0,1102.0,Visitor,0
650,Standard,983,2.0,1103.0,Visitor,0
651,Standard,984,3.0,1164.0,Visitor,0
652,Large,984,4.0,1224.0,Visitor,0
653,Standard,986,2.0,1106.0,Visitor,0
654,Standard,987,2.0,1107.0,Staff,0
655,Large,988,2.0,1108.0,Visitor,0
656,Compact,988,3.0,1168.0,Visitor,0
657,Standard,989,4.0,1229.0,Visitor,1
658,Compact,990,2.0,1110.0,Visitor,1
659,Standard,991,4.0,1231.0,Visitor,0
660,Standard,992,2.0,1112.0,Visitor,0
661,Standard,992,3.0,1172.0,Visitor,0
662,Standard,993,2.0,1113.0,Visitor,1
663,Standard,994,2.0,1114.0,Visitor,0
664,Large,995,2.0,1115.0,Staff,1
665,Standard,995,4.0,1235.0,Visitor,1
666,Large,996,3.0,1176.0,Visitor,0
667,Standard,996,2.0,1116.0,Visitor,0
668,Standard,998,4.0,1238.0,Visitor,0
669,Large,998,2.0,1118.0,Visitor,0
670,Large,999,4.0,1239.0,Visitor,0
671,Large,999,3.0,1179.0,Visitor,0
672,Large,1000,3.0,1180.0,Visitor,0
673,Compact,1000,2.0,1120.0,Visitor,0
674,Compact,1001,2.0,1121.0,Visitor,0
675,Standard,1002,4.0,1242.0,Visitor,1
676,Compact,1002,2.0,1122.0,Visitor,0
677,Standard,1004,2.0,1124.0,Visitor,0
678,Standard,1005,2.0,1125.0,Visitor,0
679,Standard,1005,4.0,1245.0,Visitor,0
680,Standard,1005,3.0,1185.0,Visitor,0
681,Compact,1006,4.0,1246.0,Visitor,0
682,Standard,1007,2.0,1127.0,Visitor,0
683,Standard,1008,4.0,1248.0,Visitor,0
684,Standard,1008,3.0,1188.0,Visitor,1
685,Large,1009,2.0,1129.0,Visitor,0
686,Standard,1009,3.0,1189.0,Visitor,0
687,Standard,1011,2.0,1131.0,Visitor,0
688,Compact,1012,2.0,1132.0,Visitor,0
689,Standard,1013,2.0,1133.0,Visitor,0
690,Standard,1013,3.0,1193.0,Visitor,0
691,Compact,1013,4.0,1253.0,Visitor,0
692,Standard,1015,2.0,1135.0,Visitor,1
693,Standard,1016,3.0,1196.0,Visitor,0
694,Standard,1016,2.0,1136.0,Visitor,0
695,Large,1017,4.0,1257.0,Visitor,0
696,Standard,1019,4.0,1259.0,Visitor,0
697,Compact,1019,3.0,1199.0,Visitor,1
698,Standard,1020,7.0,1440.0,Staff,0
699,Standard,1020,3.0,1200.0,Visitor,1
700,Standard,1020,6.0,1380.0,Visitor,0
701,Standard,1020,7.0,1440.0,Staff,0
702,Large,1020,2.0,1140.0,Visitor,0
703,Standard,1020,6.0,1380.0,Visitor,0
704,Large,1020,6.0,1380.0,Visitor,0
705,Standard,1020,7.0,1440.0,Staff,0
706,Large,1020,6.0,1380.0,Visitor,0
707,Compact,1020,6.0,1380.0,Visitor,0
708,Standard,1020,6.0,1380.0,Visitor,0
709,Standard,1020,5.0,1320.0,Visitor,0
710,Standard,1020,6.0,1380.0,Visitor,0
711,Standard,1020,4.0,1260.0,Visitor,0
712,Standard,1020,6.0,1380.0,Visitor,1
713,Large,1020,6.0,1380.0,Visitor,0
714,Standard,1020,7.0,1440.0,Staff,0
715,Standard,1020,6.0,1380.0,Visitor,0
716,Large,1020,7.0,1440.0,Staff,0
717,Large,1020,6.0,1380.0,Visitor,1
718,Standard,1020,5.0,1320.0,Visitor,1
719,Large,1020,6.0,1380.0,Visitor,0
720,Standard,1020,2.0,1140.0,Visitor,0
721,Standard,1020,6.0,1380.0,Visitor,0
722,Standard,1020,7.0,1440.0,Staff,1
723,Standard,1020,6.0,1380.0,Visitor,1
724,Standard,1020,6.0,1380.0,Visitor,0
725,Standard,1020,2.0,1140.0,Visitor,1
726,Compact,1020,6.0,1380.0,Visitor,0
727,Standard,1020,6.0,1380.0,Visitor,1
728,Compact,1023,3.0,1203.0,Visitor,1
729,Standard,1024,3.0,1204.0,Visitor,0
730,Standard,1024,5.0,1324.0,Visitor,0
731,Standard,1025,5.0,1325.0,Visitor,0
732,Standard,1025,2.0,1145.0,Visitor,0
733,Large,1025,4.0,1265.0,Visitor,0
734,Compact,1027,5.0,1327.0,Visitor,1
735,Standard,1027,2.0,1147.0,Visitor,0
736,Standard,1028,2.0,1148.0,Visitor,1
737,Standard,1028,3.0,1208.0,Visitor,0
738,Standard,1028,5.0,1328.0,Visitor,0
739,Compact,1030,4.0,1270.0,Visitor,0
740,Compact,1031,5.0,1331.0,Visitor,0
741,Standard,1032,3.0,1212.0,Visitor,1
742,Compact,1032,2.0,1152.0,Visitor,0
743,Standard,1032,5.0,1332.0,Visitor,0
744,Large,1033,5.0,1333.0,Visitor,0
745,Standard,1034,3.0,1214.0,Visitor,0
746,Standard,1034,2.0,1154.0,Visitor,0
747,Compact,1035,4.0,1275.0,Visitor,1
748,Large,1037,5.0,1337.0,Visitor,0
749,Standard,1037,5.0,1337.0,Visitor,1
750,Large,1037,2.0,1157.0,Visitor,0
751,Standard,1038,4.0,1278.0,Staff,1
752,Standard,1039,3.0,1219.0,Visitor,0
753,Standard,1040,5.0,1340.0,Visitor,0
754,Large,1040,3.0,1220.0,Visitor,0
755,Compact,1040,5.0,1340.0,Visitor,0
756,Standard,1041,5.0,1341.0,Visitor,0
757,Standard,1041,4.0,1281.0,Visitor,0
758,Standard,1041,2.0,1161.0,Visitor,0
759,Standard,1041,3.0,1221.0,Staff,0
760,Compact,1043,2.0,1163.0,Visitor,0
761,Standard,1044,2.0,1164.0,Visitor,1
762,Standard,1045,3.0,1225.0,Visitor,0
763,Standard,1045,5.0,1345.0,Visitor,0
764,Standard,1046,4.0,1286.0,Visitor,1
765,Compact,1046,5.0,1346.0,Visitor,0
766,Large,1046,5.0,1346.0,Visitor,0
767,Compact,1047,2.0,1167.0,Visitor,1
768,Compact,1047,4.0,1287.0,Visitor,0
769,Standard,1047,5.0,1347.0,Visitor,0
770,Standard,1048,5.0,1348.0,Visitor,0
771,Large,1049,5.0,1349.0,Visitor,0
772,Standard,1050,5.0,1350.0,Visitor,1
773,Standard,1050,3.0,1230.0,Visitor,0
774,Standard,1051,2.0,1171.0,Visitor,0
775,Standard,1052,4.0,1292.0,Visitor,0
776,Standard,1053,5.0,1353.0,Visitor,0
777,Compact,1054,3.0,1234.0,Visitor,0
778,Standard,1054,5.0,1354.0,Visitor,0
779,Standard,1055,2.0,1175.0,Visitor,0
780,Standard,1056,3.0,1236.0,Visitor,0
781,Standard,1056,2.0,1176.0,Visitor,0
782,Standard,1057,4.0,1297.0,Visitor,0
783,Standard,1057,5.0,1357.0,Visitor,1
784,Standard,1058,5.0,1358.0,Visitor,1
785,Standard,1059,4.0,1299.0,Visitor,1
786,Standard,1059,3.0,1239.0,Visitor,0
787,Large,1060,2.0,1180.0,Visitor,0
788,Standard,1061,4.0,1301.0,Visitor,0
789,Standard,1061,5.0,1361.0,Visitor,0
790,Standard,1061,3.0,1241.0,Visitor,0
791,Standard,1062,4.0,1302.0,Visitor,0
792,Standard,1062,2.0,1182.0,Visitor,0
793,Standard,1063,5.0,1363.0,Visitor,1
794,Compact,1064,4.0,1304.0,Visitor,0
795,Large,1064,3.0,1244.0,Visitor,1
796,Large,1064,5.0,1364.0,Visitor,0
797,Standard,1064,2.0,1184.0,Visitor,0
798,Standard,1065,5.0,1365.0,Visitor,1
799,Standard,1066,2.0,1186.0,Visitor,0
800,Compact,1067,5.0,1367.0,Visitor,0
801,Compact,1067,5.0,1367.0,Visitor,0
802,Standard,1068,3.0,1248.0,Visitor,0
803,Large,1068,2.0,1188.0,Visitor,1
804,Standard,1068,4.0,1308.0,Visitor,0
805,Standard,1069,5.0,1369.0,Visitor,0
806,Standard,1070,5.0,1370.0,Visitor,1
807,Standard,1070,2.0,1190.0,Visitor,1
808,Compact,1071,3.0,1251.0,Visitor,0
809,Standard,1072,5.0,1372.0,Visitor,0
810,Standard,1073,4.0,1313.0,Visitor,0
811,Standard,1073,3.0,1253.0,Visitor,0
812,Large,1073,5.0,1373.0,Visitor,0
813,Large,1074,3.0,1254.0,Visitor,0
814,Standard,1075,2.0,1195.0,Visitor,0
815,Standard,1076,5.0,1376.0,Visitor,1
816,Compact,1076,5.0,1376.0,Visitor,0
817,Standard,1076,2.0,1196.0,Visitor,0
818,Standard,1077,5.0,1377.0,Visitor,1
819,Standard,1077,4.0,1317.0,Visitor,0
820,Compact,1078,3.0,1258.0,Visitor,0
821,Compact,1080,2.0,1200.0,Visitor,1
822,Compact,1082,4.0,1322.0,Visitor,1
823,Compact,1083,3.0,1263.0,Visitor,0
824,Standard,1083,2.0,1203.0,Visitor,1
825,Standard,1084,4.0,1324.0,Visitor,1
826,Large,1088,2.0,1208.0,Visitor,0
827,Standard,1088,3.0,1268.0,Visitor,0
828,Standard,1089,4.0,1329.0,Visitor,0
829,Compact,1089,3.0,1269.0,Visitor,1
830,Standard,1090,2.0,1210.0,Visitor,1
831,Standard,1091,4.0,1331.0,Visitor,0
832,Standard,1092,4.0,1332.0,Visitor,0
833,Large,1093,3.0,1273.0,Visitor,0
834,Standard,1093,4.0,1333.0,Visitor,0
835,Standard,1094,2.0,1214.0,Visitor,0
836,Standard,1095,2.0,1215.0,Visitor,1
837,Standard,1095,4.0,1335.0,Visitor,0
838,Compact,1095,3.0,1275.0,Visitor,0
839,Standard,1098,4.0,1338.0,Visitor,1
840,Standard,1098,2.0,1218.0,Visitor,1
841,Compact,1099,2.0,1219.0,Visitor,0
842,Compact,1099,4.0,1339.0,Staff,0
843,Standard,1100,3.0,1280.0,Visitor,0
844,Standard,1101,2.0,1221.0,Visitor,0
845,Standard,1102,2.0,1222.0,Visitor,0
846,Standard,1102,3.0,1282.0,Visitor,0
847,Standard,1104,1.0,1164.0,Visitor,0
848,Standard,1104,4.0,1344.0,Visitor,0
849,Standard,1105,4.0,1345.0,Visitor,0
850,Standard,1105,3.0,1285.0,Visitor,0
851,Standard,1106,1.0,1166.0,Visitor,0
852,Standard,1107,1.0,1167.0,Visitor,0
853,Standard,1107,4.0,1347.0,Visitor,0
854,Standard,1108,4.0,1348.0,Visitor,0
855,Standard,1109,3.0,1289.0,Visitor,0
856,Standard,1109,1.0,1169.0,Visitor,0
857,Standard,1110,4.0,1350.0,Visitor,1
858,Compact,1113,3.0,1293.0,Visitor,1
859,Standard,1114,1.0,1174.0,Visitor,1
860,Standard,1114,4.0,1354.0,Visitor,0
861,Standard,1116,4.0,1356.0,Visitor,1
862,Compact,1117,1.0,1177.0,Visitor,0
863,Large,1117,4.0,1357.0,Staff,0
864,Standard,1118,3.0,1298.0,Visitor,0
865,Standard,1119,3.0,1299.0,Visitor,0
866,Standard,1121,4.0,1361.0,Visitor,0
867,Standard,1121,1.0,1181.0,Visitor,0
868,Standard,1122,3.0,1302.0,Visitor,0
869,Standard,1123,1.0,1183.0,Visitor,0
870,Compact,1123,4.0,1363.0,Visitor,0
871,Standard,1125,1.0,1185.0,Visitor,0
872,Compact,1126,3.0,1306.0,Visitor,0
873,Standard,1127,3.0,1307.0,Visitor,0
874,Standard,1127,3.0,1307.0,Visitor,1
875,Standard,1127,1.0,1187.0,Visitor,0
876,Standard,1129,1.0,1189.0,Visitor,0
877,Large,1131,3.0,1311.0,Visitor,0
878,Large,1131,3.0,1311.0,Visitor,0
879,Compact,1133,3.0,1313.0,Visitor,0
880,Standard,1134,1.0,1194.0,Visitor,0
881,Compact,1134,3.0,1314.0,Visitor,0
882,Standard,1135,1.0,1195.0,Visitor,0
883,Standard,1136,3.0,1316.0,Visitor,0
884,Standard,1138,3.0,1318.0,Visitor,0
885,Standard,1139,3.0,1319.0,Visitor,0
886,Standard,1139,1.0,1199.0,Visitor,0
887,Compact,1139,3.0,1319.0,Visitor,0
888,Standard,1141,3.0,1321.0,Visitor,0
889,Standard,1141,3.0,1321.0,Visitor,0
890,Standard,1142,3.0,1322.0,Visitor,0
891,Standard,1144,1.0,1204.0,Visitor,0
892,Standard,1144,3.0,1324.0,Visitor,0
893,Compact,1145,1.0,1205.0,Visitor,0
894,Large,1146,3.0,1326.0,Visitor,0
895,Compact,1148,3.0,1328.0,Visitor,0
896,Standard,1149,3.0,1329.0,Visitor,0
897,Standard,1150,1.0,1210.0,Visitor,1
898,Standard,1153,3.0,1333.0,Visitor,1
899,Standard,1153,3.0,1333.0,Visitor,0
900,Compact,1154,1.0,1214.0,Visitor,0
901,Standard,1157,3.0,1337.0,Visitor,0
902,Standard,1157,3.0,1337.0,Visitor,0
903,Large,1159,3.0,1339.0,Visitor,1
904,Standard,1159,1.0,1219.0,Visitor,0
905,Standard,1160,3.0,1340.0,Visitor,0
906,Standard,1162,1.0,1222.0,Visitor,0
907,Standard,1163,3.0,1343.0,Visitor,0
908,Standard,1164,1.0,1224.0,Visitor,0
909,Standard,1165,3.0,1345.0,Visitor,0
910,Standard,1166,3.0,1346.0,Visitor,0
911,Compact,1166,3.0,1346.0,Visitor,1
912,Large,1168,3.0,1348.0,Visitor,0
913,Standard,1169,1.0,1229.0,Visitor,0
914,Standard,1169,3.0,1349.0,Visitor,1
915,Standard,1170,1.0,1230.0,Visitor,0
916,Compact,1171,3.0,1351.0,Visitor,0
917,Standard,1173,1.0,1233.0,Visitor,0
918,Large,1174,3.0,1354.0,Visitor,0
919,Standard,1175,3.0,1355.0,Visitor,0
920,Large,1176,1.0,1236.0,Visitor,0
921,Standard,1176,2.0,1296.0,Visitor,0
922,Large,1177,3.0,1357.0,Visitor,1
923,Large,1179,2.0,1299.0,Visitor,1
924,Compact,1180,1.0,1240.0,Visitor,0
925,Standard,1181,3.0,1361.0,Visitor,0
926,Standard,1182,2.0,1302.0,Visitor,0
927,Standard,1183,2.0,1303.0,Staff,0
928,Standard,1185,2.0,1305.0,Visitor,1
929,Standard,1185,1.0,1245.0,Visitor,0
930,Standard,1186,3.0,1366.0,Visitor,0
931,Compact,1187,2.0,1307.0,Visitor,0
932,Compact,1189,3.0,1369.0,Visitor,0
933,Compact,1189,2.0,1309.0,Visitor,0
934,Compact,1190,1.0,1250.0,Visitor,0
935,Compact,1191,1.0,1251.0,Visitor,0
936,Large,1192,2.0,1312.0,Visitor,0
937,Standard,1192,3.0,1372.0,Visitor,1
938,Standard,1192,1.0,1252.0,Visitor,1
939,Standard,1196,3.0,1376.0,Visitor,0
940,Standard,1197,3.0,1377.0,Visitor,0
941,Standard,1197,1.0,1257.0,Visitor,0
942,Standard,1197,2.0,1317.0,Visitor,1
943,Standard,1200,2.0,1320.0,Visitor,0
944,Standard,1201,2.0,1321.0,Visitor,1
945,Standard,1201,1.0,1261.0,Visitor,0
946,Compact,1203,2.0,1323.0,Staff,1
947,Standard,1206,2.0,1326.0,Visitor,1
948,Large,1206,1.0,1266.0,Visitor,0
949,Large,1208,1.0,1268.0,Visitor,0
950,Standard,1208,2.0,1328.0,Visitor,0
951,Standard,1211,2.0,1331.0,Visitor,1
952,Large,1211,1.0,1271.0,Visitor,0
953,Standard,1212,1.0,1272.0,Visitor,0
954,Standard,1215,1.0,1275.0,Visitor,0
955,Large,1216,2.0,1336.0,Visitor,0
956,Standard,1217,2.0,1337.0,Visitor,1
957,Standard,1219,1.0,1279.0,Visitor,0
958,Large,1219,2.0,1339.0,Visitor,0
959,Standard,1221,2.0,1341.0,Visitor,0
960,Compact,1224,1.0,1284.0,Visitor,1
961,Large,1226,2.0,1346.0,Visitor,0
962,Standard,1228,2.0,1348.0,Visitor,0
963,Standard,1229,1.0,1289.0,Visitor,1
964,Large,1231,2.0,1351.0,Staff,0
965,Standard,1232,1.0,1292.0,Visitor,1
966,Standard,1233,2.0,1353.0,Visitor,0
967,Standard,1234,1.0,1294.0,Visitor,0
968,Compact,1236,2.0,1356.0,Visitor,0
969,Compact,1237,1.0,1297.0,Visitor,0
970,Standard,1238,1.0,1298.0,Visitor,1
971,Standard,1240,2.0,1360.0,Visitor,0
972,Compact,1242,1.0,1302.0,Visitor,0
973,Compact,1242,2.0,1362.0,Visitor,0
974,Standard,1243,2.0,1363.0,Visitor,0
975,Large,1245,2.0,1365.0,Visitor,0
976,Standard,1246,1.0,1306.0,Visitor,0
977,Standard,1247,1.0,1307.0,Visitor,0
978,Standard,1249,2.0,1369.0,Visitor,0
979,Standard,1251,1.0,1311.0,Visitor,0
980,Standard,1252,1.0,1312.0,Visitor,0
981,Large,1253,2.0,1373.0,Visitor,0
982,Large,1256,2.0,1376.0,Visitor,1
983,Standard,1257,1.0,1317.0,Visitor,0
984,Large,1260,1.0,1320.0,Visitor,0
985,Large,1263,1.0,1323.0,Visitor,0
986,Compact,1266,0.5,1296.0,Visitor,1
987,Large,1269,0.5,1299.0,Staff,0
988,Compact,1273,0.5,1303.0,Visitor,0
989,Standard,1277,0.5,1307.0,Visitor,0
990,Standard,1282,0.5,1312.0,Staff,0
991,Standard,1285,0.5,1315.0,Visitor,1
992,Standard,1290,0.5,1320.0,Visitor,1
993,Standard,1292,0.5,1322.0,Visitor,0
994,Large,1295,0.5,1325.0,Visitor,0
995,Standard,1296,0.5,1326.0,Visitor,0
996,Standard,1300,0.5,1330.0,Visitor,1
997,Standard,1305,0.5,1335.0,Visitor,0
998,Standard,1309,0.5,1339.0,Visitor,0
999,Standard,1310,0.5,1340.0,Visitor,0
1000,Standard,1313,0.5,1343.0,Visitor,0
